id,etiqueta,nivel
n0,Articulo 612.  Incorporacion del plano topografico y diseno vial.,3
n1,Articulo 612.  Incorporacion del plano topografico y diseno vial.,3
n2,Articulo 612.  Incorporacion del plano topografico y diseno vial.,3
n3,Articulo 157.  Definicion  del Subsistema de Servicios Publicos .,3
n4,Articulo 54.  Zonificacion de amenaza por movimientos en masa.,3
n5,CAPITULO III  ESTRUCTURA  ECOLOGICA COMPLEMENTARIA,2
n6,Articulo 19.  Definicion  Estructura Ecologica.,3
n7,TITULO II  CLASIFICACION DEL SUELO,1
n8,TITULO II  CLASIFICACION DEL SUELO,1
n9,Articulo 449.  Sistema de gest ion en los macroproyectos del Rio Medellin.,3
n10,Articulo 612.  Incorporacion del plano topografico y diseno vial.,3
n11,Articulo 449.  Sistema de gest ion en los macroproyectos del Rio Medellin.,3
n12,Articulo 449.  Sistema de gest ion en los macroproyectos del Rio Medellin.,3
n13,Articulo 444.  Definicion de Carga s y Beneficio s Urbanisticos .,3
n14,Articulo 444.  Definicion de Carga s y Beneficio s Urbanisticos .,3
n15,"Articulo 412 , Articulo 413  y Articulo 414 .",3
n16,"Articulo 412 , Articulo 413  y Articulo 414 .",3
n17,TITULO III . APROVECHAMIENTOS Y OBL IGACIONES URBAN ISTICA S.,1
n18,TITULO II  USOS GENERALES DEL SUELO,1
n19,TITULO II  USOS GENERALES DEL SUELO,1
n20,Articulo 244.  Definicion y crit erios normativos para las Areas y,3
n21,Articulo 244.  Definicion y crit erios normativos para las Areas y,3
n22,TITULO II  USOS GENERALES DEL SUELO,1
n23,Articulo 94.  Reglamentacion especifica.,3
n24,Articulo 119.  Definicion  de Equipamientos Institucionale s -EIN-.,3
n25,Articulo 119.  Definicion  de Equipamientos Institucionale s -EIN-.,3
n26,Articulo 119.  Definicion  de Equipamientos Institucionale s -EIN-.,3
n27,Articulo 119.  Definicion  de Equipamientos Institucionale s -EIN-.,3
n28,Articulo 119.  Definicion  de Equipamientos Institucionale s -EIN-.,3
n29,Articulo 308.  Calculo de las areas de cesion publica correspondiente al,3
n30,Articulo 308.  Calculo de las areas de cesion publica correspondiente al,3
n31,Articulo 78.    Lineamiento s paisajisticos de los ecoparques de quebrada y,3
n32,Articulo 78.    Lineamiento s paisajisticos de los ecoparques de quebrada y,3
n33,Articulo 273.  Franjas de densidades habitacionales maxima sin venta  de,3
n34,Articulo 273.  Franjas de densidades habitacionales maxima sin venta  de,3
n35,Articulo 273.  Franjas de densidades habitacionales maxima sin venta  de,3
n36,Articulo 273.  Franjas de densidades habitacionales maxima sin venta  de,3
n37,Articulo 261.  Estandares ambientales en cuanto a generacion de ruido,3
n38,Articulo 261.  Estandares ambientales en cuanto a generacion de ruido,3
n39,Articulo 261.  Estandares ambientales en cuanto a generacion de ruido,3
n40,Articulo 261.  Estandares ambientales en cuanto a generacion de ruido,3
n41,Articulo 255.  Tablas del regimen de interrelaciones de usos permitidos y,3
n42,Articulo 255.  Tablas del regimen de interrelaciones de usos permitidos y,3
n43,Articulo 255.  Tablas del regimen de interrelaciones de usos permitidos y,3
n44,Articulo 255.  Tablas del regimen de interrelaciones de usos permitidos y,3
n45,Articulo 251.  Uso Industrial.,3
n46,Articulo 251.  Uso Industrial.,3
n47,Articulo 251.  Uso Industrial.,3
n48,Articulo 251.  Uso Industrial.,3
n49,Articulo 251.  Uso Industrial.,3
n50,Articulo 250.  Uso servicios.,3
n51,Articulo 250.  Uso servicios.,3
n52,Articulo 250.  Uso servicios.,3
n53,Articulo 250.  Uso servicios.,3
n54,Articulo 250.  Uso servicios.,3
n55,Articulo 250.  Uso servicios.,3
n56,Articulo 250.  Uso servicios.,3
n57,Articulo 250.  Uso servicios.,3
n58,Articulo 250.  Uso servicios.,3
n59,Articulo 250.  Uso servicios.,3
n60,Articulo 250.  Uso servicios.,3
n61,Articulo 250.  Uso servicios.,3
n62,Articulo 250.  Uso servicios.,3
n63,Articulo 250.  Uso servicios.,3
n64,Articulo 250.  Uso servicios.,3
n65,Articulo 250.  Uso servicios.,3
n66,Articulo 249.  Uso comercial.,3
n67,Articulo 249.  Uso comercial.,3
n68,Articulo 249.  Uso comercial.,3
n69,Articulo 249.  Uso comercial.,3
n70,Articulo 248.  Uso residencial.,3
n71,Articulo 248.  Uso residencial.,3
n72,Articulo 248.  Uso residencial.,3
n73,Articulo 248.  Uso residencial.,3
n74,Articulo 248.  Uso residencial.,3
n75,Articulo 237.  Tratamiento de Desarrollo (D).,3
n76,Articulo 237.  Tratamiento de Desarrollo (D).,3
n77,Articulo 233.  Tratamiento de Conservacion (C).,3
n78,Articulo 233.  Tratamiento de Conservacion (C).,3
n79,Articulo 233.  Tratamiento de Conservacion (C).,3
n80,Articulo 233.  Tratamiento de Conservacion (C).,3
n81,Articulo 233.  Tratamiento de Conservacion (C).,3
n82,Articulo 233.  Tratamiento de Conservacion (C).,3
n83,Articulo 233.  Tratamiento de Conservacion (C).,3
n84,Articulo 233.  Tratamiento de Conservacion (C).,3
n85,Articulo 219.  Enfoque habitacional y demografico del Plan.,3
n86,Articulo 219.  Enfoque habitacional y demografico del Plan.,3
n87,Articulo 219.  Enfoque habitacional y demografico del Plan.,3
n88,Articulo 219.  Enfoque habitacional y demografico del Plan.,3
n89,Articulo 219.  Enfoque habitacional y demografico del Plan.,3
n90,Articulo 216.  Nociones orientadoras  del Subsistema habitacional .,3
n91,Articulo 216.  Nociones orientadoras  del Subsistema habitacional .,3
n92,Articulo 216.  Nociones orientadoras  del Subsistema habitacional .,3
n93,Articulo 216.  Nociones orientadoras  del Subsistema habitacional .,3
n94,Articulo 216.  Nociones orientadoras  del Subsistema habitacional .,3
n95,Articulo 216.  Nociones orientadoras  del Subsistema habitacional .,3
n96,Articulo 216.  Nociones orientadoras  del Subsistema habitacional .,3
n97,Articulo 213.  Criterios de manejo del  Subsistema de Centralidades.,3
n98,Articulo 213.  Criterios de manejo del  Subsistema de Centralidades.,3
n99,Articulo 213.  Criterios de manejo del  Subsistema de Centralidades.,3
n100,Articulo 213.  Criterios de manejo del  Subsistema de Centralidades.,3
n101,Articulo 213.  Criterios de manejo del  Subsistema de Centralidades.,3
n102,Articulo 213.  Criterios de manejo del  Subsistema de Centralidades.,3
n103,Articulo 213.  Criterios de manejo del  Subsistema de Centralidades.,3
n104,Articulo 212.  Clasificacion  del subsistema de centralidades .,3
n105,Articulo 212.  Clasificacion  del subsistema de centralidades .,3
n106,Articulo 212.  Clasificacion  del subsistema de centralidades .,3
n107,Articulo 212.  Clasificacion  del subsistema de centralidades .,3
n108,Articulo 212.  Clasificacion  del subsistema de centralidades .,3
n109,Articulo 212.  Clasificacion  del subsistema de centralidades .,3
n110,Articulo 212.  Clasificacion  del subsistema de centralidades .,3
n111,Articulo 212.  Clasificacion  del subsistema de centralidades .,3
n112,Articulo 212.  Clasificacion  del subsistema de centralidades .,3
n113,Articulo 212.  Clasificacion  del subsistema de centralidades .,3
n114,Articulo 212.  Clasificacion  del subsistema de centralidades .,3
n115,Articulo 212.  Clasificacion  del subsistema de centralidades .,3
n116,Articulo 212.  Clasificacion  del subsistema de centralidades .,3
n117,Articulo 212.  Clasificacion  del subsistema de centralidades .,3
n118,Articulo 212.  Clasificacion  del subsistema de centralidades .,3
n119,Articulo 212.  Clasificacion  del subsistema de centralidades .,3
n120,Articulo 212.  Clasificacion  del subsistema de centralidades .,3
n121,"Articulo 180.  Criterios de manejo para Caminos, Servidumbres y Vias",3
n122,"Articulo 180.  Criterios de manejo para Caminos, Servidumbres y Vias",3
n123,"Articulo 180.  Criterios de manejo para Caminos, Servidumbres y Vias",3
n124,Articulo 172.  Transporte Terrestre.,3
n125,Articulo 172.  Transporte Terrestre.,3
n126,Articulo 172.  Transporte Terrestre.,3
n127,Articulo 172.  Transporte Terrestre.,3
n128,Articulo 172.  Transporte Terrestre.,3
n129,Articulo 172.  Transporte Terrestre.,3
n130,Articulo 172.  Transporte Terrestre.,3
n131,Articulo 172.  Transporte Terrestre.,3
n132,Articulo 172.  Transporte Terrestre.,3
n133,Articulo 172.  Transporte Terrestre.,3
n134,Articulo 172.  Transporte Terrestre.,3
n135,Articulo 172.  Transporte Terrestre.,3
n136,Articulo 172.  Transporte Terrestre.,3
n137,Articulo 169.  Infraestructuras Asociadas al vehiculo automotor.,3
n138,Articulo 169.  Infraestructuras Asociadas al vehiculo automotor.,3
n139,Articulo 169.  Infraestructuras Asociadas al vehiculo automotor.,3
n140,Articulo 169.  Infraestructuras Asociadas al vehiculo automotor.,3
n141,Articulo 169.  Infraestructuras Asociadas al vehiculo automotor.,3
n142,Articulo 167.  Movilidad motorizada.,3
n143,Articulo 167.  Movilidad motorizada.,3
n144,Articulo 167.  Movilidad motorizada.,3
n145,Articulo 167.  Movilidad motorizada.,3
n146,Articulo 167.  Movilidad motorizada.,3
n147,Articulo 167.  Movilidad motorizada.,3
n148,Articulo 167.  Movilidad motorizada.,3
n149,Articulo 167.  Movilidad motorizada.,3
n150,Articulo 167.  Movilidad motorizada.,3
n151,Articulo 167.  Movilidad motorizada.,3
n152,Articulo 167.  Movilidad motorizada.,3
n153,Articulo 167.  Movilidad motorizada.,3
n154,Articulo 167.  Movilidad motorizada.,3
n155,Articulo 167.  Movilidad motorizada.,3
n156,Articulo 167.  Movilidad motorizada.,3
n157,Articulo 167.  Movilidad motorizada.,3
n158,Articulo 167.  Movilidad motorizada.,3
n159,Articulo 167.  Movilidad motorizada.,3
n160,Articulo 167.  Movilidad motorizada.,3
n161,Articulo 167.  Movilidad motorizada.,3
n162,Articulo 167.  Movilidad motorizada.,3
n163,Articulo 167.  Movilidad motorizada.,3
n164,Articulo 167.  Movilidad motorizada.,3
n165,Articulo 167.  Movilidad motorizada.,3
n166,Articulo 167.  Movilidad motorizada.,3
n167,Articulo 167.  Movilidad motorizada.,3
n168,Articulo 165.  Movilidad no motorizada.,3
n169,Articulo 165.  Movilidad no motorizada.,3
n170,Articulo 165.  Movilidad no motorizada.,3
n171,Articulo 165.  Movilidad no motorizada.,3
n172,Articulo 165.  Movilidad no motorizada.,3
n173,Articulo 165.  Movilidad no motorizada.,3
n174,Articulo 165.  Movilidad no motorizada.,3
n175,Articulo 165.  Movilidad no motorizada.,3
n176,Articulo 165.  Movilidad no motorizada.,3
n177,Articulo 165.  Movilidad no motorizada.,3
n178,Articulo 165.  Movilidad no motorizada.,3
n179,Articulo 165.  Movilidad no motorizada.,3
n180,Articulo 165.  Movilidad no motorizada.,3
n181,Articulo 165.  Movilidad no motorizada.,3
n182,Articulo 165.  Movilidad no motorizada.,3
n183,Articulo 163.  Clasificacion  del Subsistema de Movilidad .,3
n184,Articulo 161.  Criterios de manejo para los servicios publicos.,3
n185,Articulo 161.  Criterios de manejo para los servicios publicos.,3
n186,Articulo 161.  Criterios de manejo para los servicios publicos.,3
n187,Articulo 161.  Criterios de manejo para los servicios publicos.,3
n188,Articulo 160.  Normas tecnicas de Servicios P ublicos.,3
n189,Articulo 160.  Normas tecnicas de Servicios P ublicos.,3
n190,Articulo 160.  Normas tecnicas de Servicios P ublicos.,3
n191,Articulo 160.  Normas tecnicas de Servicios P ublicos.,3
n192,Articulo 160.  Normas tecnicas de Servicios P ublicos.,3
n193,Articulo 160.  Normas tecnicas de Servicios P ublicos.,3
n194,Articulo 158.  Clasificacion  del Subsistema de Servicios Publicos.,3
n195,Articulo 158.  Clasificacion  del Subsistema de Servicios Publicos.,3
n196,Articulo 151.  Criterios de manejo de los  Espacios Publicos D eclarados.,3
n197,Articulo 151.  Criterios de manejo de los  Espacios Publicos D eclarados.,3
n198,Articulo 151.  Criterios de manejo de los  Espacios Publicos D eclarados.,3
n199,Articulo 151.  Criterios de manejo de los  Espacios Publicos D eclarados.,3
n200,Articulo 149.  Normas para intervenir en las zonas de influencia de Bienes,3
n201,Articulo 149.  Normas para intervenir en las zonas de influencia de Bienes,3
n202,Articulo 149.  Normas para intervenir en las zonas de influencia de Bienes,3
n203,Articulo 149.  Normas para intervenir en las zonas de influencia de Bienes,3
n204,Articulo 149.  Normas para intervenir en las zonas de influencia de Bienes,3
n205,Articulo 149.  Normas para intervenir en las zonas de influencia de Bienes,3
n206,Articulo 149.  Normas para intervenir en las zonas de influencia de Bienes,3
n207,Articulo 149.  Normas para intervenir en las zonas de influencia de Bienes,3
n208,Articulo 149.  Normas para intervenir en las zonas de influencia de Bienes,3
n209,Articulo 149.  Normas para intervenir en las zonas de influencia de Bienes,3
n210,Articulo 149.  Normas para intervenir en las zonas de influencia de Bienes,3
n211,Articulo 149.  Normas para intervenir en las zonas de influencia de Bienes,3
n212,Articulo 149.  Normas para intervenir en las zonas de influencia de Bienes,3
n213,Articulo 149.  Normas para intervenir en las zonas de influencia de Bienes,3
n214,Articulo 149.  Normas para intervenir en las zonas de influencia de Bienes,3
n215,Articulo 149.  Normas para intervenir en las zonas de influencia de Bienes,3
n216,Articulo 149.  Normas para intervenir en las zonas de influencia de Bienes,3
n217,Articulo 149.  Normas para intervenir en las zonas de influencia de Bienes,3
n218,Articulo 149.  Normas para intervenir en las zonas de influencia de Bienes,3
n219,Articulo 142.  Tipos de intervencion segun nivel de conservacion.,3
n220,Articulo 142.  Tipos de intervencion segun nivel de conservacion.,3
n221,Articulo 142.  Tipos de intervencion segun nivel de conservacion.,3
n222,Articulo 142.  Tipos de intervencion segun nivel de conservacion.,3
n223,Articulo 142.  Tipos de intervencion segun nivel de conservacion.,3
n224,Articulo 142.  Tipos de intervencion segun nivel de conservacion.,3
n225,Articulo 142.  Tipos de intervencion segun nivel de conservacion.,3
n226,Articulo 142.  Tipos de intervencion segun nivel de conservacion.,3
n227,Articulo 142.  Tipos de intervencion segun nivel de conservacion.,3
n228,Articulo 142.  Tipos de intervencion segun nivel de conservacion.,3
n229,Articulo 142.  Tipos de intervencion segun nivel de conservacion.,3
n230,Articulo 142.  Tipos de intervencion segun nivel de conservacion.,3
n231,Articulo 142.  Tipos de intervencion segun nivel de conservacion.,3
n232,Articulo 142.  Tipos de intervencion segun nivel de conservacion.,3
n233,Articulo 141.  Criterios de manejo en Bienes de Interes Cultural  BIC:,3
n234,Articulo 141.  Criterios de manejo en Bienes de Interes Cultural  BIC:,3
n235,Articulo 141.  Criterios de manejo en Bienes de Interes Cultural  BIC:,3
n236,Articulo 141.  Criterios de manejo en Bienes de Interes Cultural  BIC:,3
n237,Articulo 141.  Criterios de manejo en Bienes de Interes Cultural  BIC:,3
n238,Articulo 137.  Zonas de influencia.,3
n239,Articulo 137.  Zonas de influencia.,3
n240,Articulo 136.  Clasificacion de los Bienes de Interes Cultural d eclarados .,3
n241,Articulo 136.  Clasificacion de los Bienes de Interes Cultural d eclarados .,3
n242,Articulo 136.  Clasificacion de los Bienes de Interes Cultural d eclarados .,3
n243,Articulo 136.  Clasificacion de los Bienes de Interes Cultural d eclarados .,3
n244,Articulo 136.  Clasificacion de los Bienes de Interes Cultural d eclarados .,3
n245,Articulo 136.  Clasificacion de los Bienes de Interes Cultural d eclarados .,3
n246,Articulo 136.  Clasificacion de los Bienes de Interes Cultural d eclarados .,3
n247,Articulo 136.  Clasificacion de los Bienes de Interes Cultural d eclarados .,3
n248,Articulo 136.  Clasificacion de los Bienes de Interes Cultural d eclarados .,3
n249,Articulo 136.  Clasificacion de los Bienes de Interes Cultural d eclarados .,3
n250,Articulo 136.  Clasificacion de los Bienes de Interes Cultural d eclarados .,3
n251,Articulo 136.  Clasificacion de los Bienes de Interes Cultural d eclarados .,3
n252,Articulo 136.  Clasificacion de los Bienes de Interes Cultural d eclarados .,3
n253,Articulo 136.  Clasificacion de los Bienes de Interes Cultural d eclarados .,3
n254,Articulo 136.  Clasificacion de los Bienes de Interes Cultural d eclarados .,3
n255,Articulo 136.  Clasificacion de los Bienes de Interes Cultural d eclarados .,3
n256,Articulo 136.  Clasificacion de los Bienes de Interes Cultural d eclarados .,3
n257,Articulo 136.  Clasificacion de los Bienes de Interes Cultural d eclarados .,3
n258,Articulo 136.  Clasificacion de los Bienes de Interes Cultural d eclarados .,3
n259,Articulo 601.  Estrategias del Componente.,3
n260,Articulo 601.  Estrategias del Componente.,3
n261,Articulo 601.  Estrategias del Componente.,3
n262,Articulo 601.  Estrategias del Componente.,3
n263,Articulo 601.  Estrategias del Componente.,3
n264,Articulo 601.  Estrategias del Componente.,3
n265,Articulo 595.  Gestion de los ambitos de reparto.,3
n266,Articulo 595.  Gestion de los ambitos de reparto.,3
n267,Articulo 595.  Gestion de los ambitos de reparto.,3
n268,Articulo 593.  Mecanismos de operacion del Sistema Participativo e,3
n269,Articulo 593.  Mecanismos de operacion del Sistema Participativo e,3
n270,Articulo 575.  Implementacion de la politica de proteccion a moradores,3
n271,Articulo 575.  Implementacion de la politica de proteccion a moradores,3
n272,Articulo 575.  Implementacion de la politica de proteccion a moradores,3
n273,Articulo 575.  Implementacion de la politica de proteccion a moradores,3
n274,Articulo 575.  Implementacion de la politica de proteccion a moradores,3
n275,Articulo 573.  Proteccion a  moradores  y actividades productivas y,3
n276,Articulo 573.  Proteccion a  moradores  y actividades productivas y,3
n277,Articulo 573.  Proteccion a  moradores  y actividades productivas y,3
n278,Articulo 573.  Proteccion a  moradores  y actividades productivas y,3
n279,Articulo 568.  Planes de emergencia y contin gencia para empresas,3
n280,Articulo 568.  Planes de emergencia y contin gencia para empresas,3
n281,Articulo 78.    Lineamiento s paisajisticos de los ecoparques de quebrada y,3
n282,Articulo 78.    Lineamiento s paisajisticos de los ecoparques de quebrada y,3
n283,Articulo 78.    Lineamiento s paisajisticos de los ecoparques de quebrada y,3
n284,Articulo 555.  Monitoreo de amenazas.,3
n285,Articulo 542.  Formas de aprovechamiento del espacio publico.,3
n286,Articulo 542.  Formas de aprovechamiento del espacio publico.,3
n287,Articulo 540.  Instrumentos para la Gestion del Espacio Publico.,3
n288,Articulo 540.  Instrumentos para la Gestion del Espacio Publico.,3
n289,Articulo 540.  Instrumentos para la Gestion del Espacio Publico.,3
n290,Articulo 528.  Areas objeto de Pago por Servicios Ambientales.,3
n291,Articulo 528.  Areas objeto de Pago por Servicios Ambientales.,3
n292,Articulo 523.  Participacion en Plusvalia.,3
n293,Articulo 523.  Participacion en Plusvalia.,3
n294,Articulo 523.  Participacion en Plusvalia.,3
n295,Articulo 506.  Derechos adicionales de construccion y desarrollo.,3
n296,Articulo 506.  Derechos adicionales de construccion y desarrollo.,3
n297,Articulo 506.  Derechos adicionales de construccion y desarrollo.,3
n298,Articulo 506.  Derechos adicionales de construccion y desarrollo.,3
n299,Articulo 506.  Derechos adicionales de construccion y desarrollo.,3
n300,Articulo 506.  Derechos adicionales de construccion y desarrollo.,3
n301,Articulo 506.  Derechos adicionales de construccion y desarrollo.,3
n302,Articulo 506.  Derechos adicionales de construccion y desarrollo.,3
n303,Articulo 503.  Zonas Generadoras y Receptoras.,3
n304,Articulo 503.  Zonas Generadoras y Receptoras.,3
n305,Articulo 496.  Reajuste de tierras e integracion inmobiliaria.,3
n306,Articulo 496.  Reajuste de tierras e integracion inmobiliaria.,3
n307,Articulo 471.  Etapas del Plan Maestro.,3
n308,Articulo 471.  Etapas del Plan Maestro.,3
n309,Articulo 471.  Etapas del Plan Maestro.,3
n310,Articulo 471.  Etapas del Plan Maestro.,3
n311,Articulo 471.  Etapas del Plan Maestro.,3
n312,Articulo 474.  Clasificacion de las Unidades de Planificacion Rural.,3
n313,Articulo 474.  Clasificacion de las Unidades de Planificacion Rural.,3
n314,Articulo 474.  Clasificacion de las Unidades de Planificacion Rural.,3
n315,Articulo 471.  Etapas del Plan Maestro.,3
n316,Articulo 471.  Etapas del Plan Maestro.,3
n317,Articulo 471.  Etapas del Plan Maestro.,3
n318,Articulo 471.  Etapas del Plan Maestro.,3
n319,Articulo 471.  Etapas del Plan Maestro.,3
n320,Articulo 460.  Etapas del Macroproyecto.,3
n321,Articulo 460.  Etapas del Macroproyecto.,3
n322,Articulo 460.  Etapas del Macroproyecto.,3
n323,Articulo 460.  Etapas del Macroproyecto.,3
n324,Articulo 115.  Equipamientos para el Transporte  -TT-.,3
n325,Articulo 115.  Equipamientos para el Transporte  -TT-.,3
n326,Articulo 115.  Equipamientos para el Transporte  -TT-.,3
n327,Articulo 115.  Equipamientos para el Transporte  -TT-.,3
n328,Articulo 115.  Equipamientos para el Transporte  -TT-.,3
n329,Articulo 115.  Equipamientos para el Transporte  -TT-.,3
n330,Articulo 115.  Equipamientos para el Transporte  -TT-.,3
n331,Articulo 115.  Equipamientos para el Transporte  -TT-.,3
n332,Articulo 115.  Equipamientos para el Transporte  -TT-.,3
n333,Articulo 115.  Equipamientos para el Transporte  -TT-.,3
n334,Articulo 115.  Equipamientos para el Transporte  -TT-.,3
n335,Articulo 115.  Equipamientos para el Transporte  -TT-.,3
n336,Articulo 115.  Equipamientos para el Transporte  -TT-.,3
n337,Articulo 115.  Equipamientos para el Transporte  -TT-.,3
n338,Articulo 115.  Equipamientos para el Transporte  -TT-.,3
n339,Articulo 115.  Equipamientos para el Transporte  -TT-.,3
n340,Articulo 115.  Equipamientos para el Transporte  -TT-.,3
n341,Articulo 115.  Equipamientos para el Transporte  -TT-.,3
n342,Articulo 115.  Equipamientos para el Transporte  -TT-.,3
n343,Articulo 115.  Equipamientos para el Transporte  -TT-.,3
n344,Articulo 112.  Equipamientos de prevenc ion y atencion de desastres  -PA-,3
n345,Articulo 112.  Equipamientos de prevenc ion y atencion de desastres  -PA-,3
n346,Articulo 112.  Equipamientos de prevenc ion y atencion de desastres  -PA-,3
n347,Articulo 111.  Equipamientos de Justicia cercana al Ciudadano.  -JC-.,3
n348,Articulo 111.  Equipamientos de Justicia cercana al Ciudadano.  -JC-.,3
n349,Articulo 109.  Equipamientos para la F uerza Publica  -FP-.,3
n350,Articulo 109.  Equipamientos para la F uerza Publica  -FP-.,3
n351,Articulo 109.  Equipamientos para la F uerza Publica  -FP-.,3
n352,Articulo 109.  Equipamientos para la F uerza Publica  -FP-.,3
n353,Articulo 109.  Equipamientos para la F uerza Publica  -FP-.,3
n354,Articulo 105.  Equipamientos comunitarios  -CM-,3
n355,Articulo 105.  Equipamientos comunitarios  -CM-,3
n356,Articulo 105.  Equipamientos comunitarios  -CM-,3
n357,Articulo 105.  Equipamientos comunitarios  -CM-,3
n358,Articulo 105.  Equipamientos comunitarios  -CM-,3
n359,Articulo 105.  Equipamientos comunitarios  -CM-,3
n360,Articulo 105.  Equipamientos comunitarios  -CM-,3
n361,Articulo 105.  Equipamientos comunitarios  -CM-,3
n362,Articulo 100.  Equipamientos de educacion  -ED-.,3
n363,Articulo 100.  Equipamientos de educacion  -ED-.,3
n364,Articulo 100.  Equipamientos de educacion  -ED-.,3
n365,Articulo 100.  Equipamientos de educacion  -ED-.,3
n366,Articulo 100.  Equipamientos de educacion  -ED-.,3
n367,Articulo 100.  Equipamientos de educacion  -ED-.,3
n368,Articulo 100.  Equipamientos de educacion  -ED-.,3
n369,Articulo 100.  Equipamientos de educacion  -ED-.,3
n370,Articulo 100.  Equipamientos de educacion  -ED-.,3
n371,Articulo 100.  Equipamientos de educacion  -ED-.,3
n372,Articulo 100.  Equipamientos de educacion  -ED-.,3
n373,Articulo 100.  Equipamientos de educacion  -ED-.,3
n374,Articulo 100.  Equipamientos de educacion  -ED-.,3
n375,Articulo 100.  Equipamientos de educacion  -ED-.,3
n376,Articulo 100.  Equipamientos de educacion  -ED-.,3
n377,Articulo 100.  Equipamientos de educacion  -ED-.,3
n378,Articulo 100.  Equipamientos de educacion  -ED-.,3
n379,Articulo 96.  Clasificacion.,3
n380,Articulo 96.  Clasificacion.,3
n381,Articulo 96.  Clasificacion.,3
n382,Articulo 96.  Clasificacion.,3
n383,Articulo 96.  Clasificacion.,3
n384,Articulo 96.  Clasificacion.,3
n385,Articulo 96.  Clasificacion.,3
n386,Articulo 96.  Clasificacion.,3
n387,Articulo 96.  Clasificacion.,3
n388,Articulo 96.  Clasificacion.,3
n389,OS DE,4
n390,OS DE,4
n391,OS DE,4
n392,OS DE,4
n393,OS DE,4
n394,OS DE,4
n395,OS DE,4
n396,OS DE,4
n397,OS DE,4
n398,OS DE,4
n399,OS DE,4
n400,Articulo 78.    Lineamiento s paisajisticos de los ecoparques de quebrada y,3
n401,Articulo 78.    Lineamiento s paisajisticos de los ecoparques de quebrada y,3
n402,Articulo 78.    Lineamiento s paisajisticos de los ecoparques de quebrada y,3
n403,Articulo 78.    Lineamiento s paisajisticos de los ecoparques de quebrada y,3
n404,Articulo 78.    Lineamiento s paisajisticos de los ecoparques de quebrada y,3
n405,Articulo 78.    Lineamiento s paisajisticos de los ecoparques de quebrada y,3
n406,Articulo 78.    Lineamiento s paisajisticos de los ecoparques de quebrada y,3
n407,Articulo 78.    Lineamiento s paisajisticos de los ecoparques de quebrada y,3
n408,Articulo 78.    Lineamiento s paisajisticos de los ecoparques de quebrada y,3
n409,Articulo 78.    Lineamiento s paisajisticos de los ecoparques de quebrada y,3
n410,Articulo 79.  Zonificacion para el manejo de ecoparques de quebrada y otros,3
n411,Articulo 79.  Zonificacion para el manejo de ecoparques de quebrada y otros,3
n412,Articulo 79.  Zonificacion para el manejo de ecoparques de quebrada y otros,3
n413,Articulo 79.  Zonificacion para el manejo de ecoparques de quebrada y otros,3
n414,Articulo 72.  Calid ad y cobertura.,3
n415,Articulo 72.  Calid ad y cobertura.,3
n416,Articulo 72.  Calid ad y cobertura.,3
n417,Articulo 72.  Calid ad y cobertura.,3
n418,Articulo 72.  Calid ad y cobertura.,3
n419,Articulo 72.  Calid ad y cobertura.,3
n420,Articulo 72.  Calid ad y cobertura.,3
n421,Articulo 72.  Calid ad y cobertura.,3
n422,Articulo 72.  Calid ad y cobertura.,3
n423,Articulo 72.  Calid ad y cobertura.,3
n424,Articulo 72.  Calid ad y cobertura.,3
n425,Articulo 72.  Calid ad y cobertura.,3
n426,Articulo 68.  Segun su dominio.,3
n427,Articulo 68.  Segun su dominio.,3
n428,Articulo 68.  Segun su dominio.,3
n429,Articulo 68.  Segun su dominio.,3
n430,Articulo 68.  Segun su dominio.,3
n431,Articulo 68.  Segun su dominio.,3
n432,Articulo 68.  Segun su dominio.,3
n433,Articulo 68.  Segun su dominio.,3
n434,Articulo 68.  Segun su dominio.,3
n435,Articulo 68.  Segun su dominio.,3
n436,Articulo 68.  Segun su dominio.,3
n437,Articulo 68.  Segun su dominio.,3
n438,Articulo 68.  Segun su dominio.,3
n439,Articulo 68.  Segun su dominio.,3
n440,Articulo 68.  Segun su dominio.,3
n441,Articulo 68.  Segun su dominio.,3
n442,Articulo 68.  Segun su dominio.,3
n443,Articulo 68.  Segun su dominio.,3
n444,Articulo 61.  Definicion  de  Areas de Intervencion Estrategica,3
n445,Articulo 61.  Definicion  de  Areas de Intervencion Estrategica,3
n446,Articulo 61.  Definicion  de  Areas de Intervencion Estrategica,3
n447,Articulo 61.  Definicion  de  Areas de Intervencion Estrategica,3
n448,Articulo 61.  Definicion  de  Areas de Intervencion Estrategica,3
n449,Articulo 61.  Definicion  de  Areas de Intervencion Estrategica,3
n450,Articulo 61.  Definicion  de  Areas de Intervencion Estrategica,3
n451,Articulo 61.  Definicion  de  Areas de Intervencion Estrategica,3
n452,Articulo 61.  Definicion  de  Areas de Intervencion Estrategica,3
n453,Articulo 61.  Definicion  de  Areas de Intervencion Estrategica,3
n454,Articulo 61.  Definicion  de  Areas de Intervencion Estrategica,3
n455,Articulo 61.  Definicion  de  Areas de Intervencion Estrategica,3
n456,Articulo 61.  Definicion  de  Areas de Intervencion Estrategica,3
n457,TITULO V  AREAS DE INTERVENCION ESTRATEGICA  AIE,1
n458,Articulo 54.  Zonificacion de amenaza por movimientos en masa.,3
n459,Articulo 54.  Zonificacion de amenaza por movimientos en masa.,3
n460,Articulo 54.  Zonificacion de amenaza por movimientos en masa.,3
n461,Articulo 54.  Zonificacion de amenaza por movimientos en masa.,3
n462,Articulo 54.  Zonificacion de amenaza por movimientos en masa.,3
n463,Articulo 54.  Zonificacion de amenaza por movimientos en masa.,3
n464,Articulo 54.  Zonificacion de amenaza por movimientos en masa.,3
n465,Articulo 54.  Zonificacion de amenaza por movimientos en masa.,3
n466,Articulo 27.  Humedales con sus retiros.,3
n467,Articulo 27.  Humedales con sus retiros.,3
n468,Articulo 27.  Humedales con sus retiros.,3
n469,Articulo 32.  Sistema Orografico.,3
n470,Articulo 32.  Sistema Orografico.,3
n471,Articulo 32.  Sistema Orografico.,3
n472,Articulo 32.  Sistema Orografico.,3
n473,Articulo 32.  Sistema Orografico.,3
n474,Articulo 32.  Sistema Orografico.,3
n475,Articulo 32.  Sistema Orografico.,3
n476,Articulo 21.  Areas Protegidas.,3
n477,Articulo 21.  Areas Protegidas.,3
n478,Articulo 21.  Areas Protegidas.,3
n479,Articulo 21.  Areas Protegidas.,3
n480,Articulo 21.  Areas Protegidas.,3
n481,Articulo 21.  Areas Protegidas.,3
n482,Articulo 21.  Areas Protegidas.,3
n483,Articulo 21.  Areas Protegidas.,3
n484,Articulo 21.  Areas Protegidas.,3
n485,Articulo 21.  Areas Protegidas.,3
n486,Articulo 17.  Categoria de suelo suburbano - Desarrollo Restringido .,3
n487,Articulo 17.  Categoria de suelo suburbano - Desarrollo Restringido .,3
n488,Articulo 17.  Categoria de suelo suburbano - Desarrollo Restringido .,3
n489,Articulo 17.  Categoria de suelo suburbano - Desarrollo Restringido .,3
n490,Articulo 14.  Categoria de suelo de proteccion al interior del suelo urbano y de,3
n491,Articulo 14.  Categoria de suelo de proteccion al interior del suelo urbano y de,3
n492,Articulo 14.  Categoria de suelo de proteccion al interior del suelo urbano y de,3
n493,Articulo 14.  Categoria de suelo de proteccion al interior del suelo urbano y de,3
n494,Articulo 14.  Categoria de suelo de proteccion al interior del suelo urbano y de,3
n495,Articulo 14.  Categoria de suelo de proteccion al interior del suelo urbano y de,3
n496,Articulo 14.  Categoria de suelo de proteccion al interior del suelo urbano y de,3
n497,Articulo 14.  Categoria de suelo de proteccion al interior del suelo urbano y de,3
n498,Articulo 13.  Suelo de Expansion Urbana.,3
n499,Articulo 13.  Suelo de Expansion Urbana.,3
n500,,N/A
n501,,N/A
n502,,N/A
n503,,N/A
n504,,N/A
n505,,N/A
n506,,N/A
n507,Articulo 7.  Apuestas Territoriales.,3
n508,Articulo 7.  Apuestas Territoriales.,3
n509,Articulo 7.  Apuestas Territoriales.,3
n510,Articulo 7.  Apuestas Territoriales.,3
n511,Articulo 7.  Apuestas Territoriales.,3
n512,Articulo 7.  Apuestas Territoriales.,3
n513,Articulo 7.  Apuestas Territoriales.,3
n514,Articulo 7.  Apuestas Territoriales.,3
n515,Articulo 7.  Apuestas Territoriales.,3
n516,Articulo 7.  Apuestas Territoriales.,3
n517,Articulo 7.  Apuestas Territoriales.,3
n518,Articulo 7.  Apuestas Territoriales.,3
n519,Articulo 7.  Apuestas Territoriales.,3
n520,Articulo 7.  Apuestas Territoriales.,3
n521,Articulo 7.  Apuestas Territoriales.,3
n522,Articulo 7.  Apuestas Territoriales.,3
n523,Articulo 7.  Apuestas Territoriales.,3
n524,,N/A
n525,,N/A
n526,,N/A
n527,,N/A
n528,,N/A
n529,,N/A
n530,,N/A
n531,,N/A
n532,,N/A
n533,,N/A
n534,,N/A
n535,,N/A
n536,,N/A
n537,,N/A
n538,,N/A
n539,,N/A
n540,,N/A
n541,,N/A
n542,"Articulo 622.  Expedicion, Vigencias y Derogatorias .",3
n543,Articulo 621.  Armonizacion del Documento Tecnico de Soporte y la,3
n544,Articulo 620.  Divulgacion del Plan de Ordenamiento Territorial .,3
n545,Articulo 619.  Armonizacion de normas tributarias.,3
n546,Articulo 618.  Reglamentaciones especificas.,3
n547,Articulo 617.  Transito  de normas urbanisticas.,3
n548,Articulo 616.  Interpretacion de las normas.,3
n549,Articulo 615.  Jerarquia normativa del presente Acuerdo.,3
n550,Articulo 614.  Vigencias y revisiones al Plan de Ordenamiento.,3
n551,Articulo 613.  Programa de Ejecucion.,3
n552,Articulo 612.  Incorporacion del plano topografico y diseno vial.,3
n553,Articulo 611.  Archivo y custodia sobre los expedientes.,3
n554,Articulo 610.  Requerimientos especiales.,3
n555,"Articulo 609.  Funciones , Formatos y bases de datos.",3
n556,Articulo 608.  Funciones y procedimiento administrativo .,3
n557,Articulo 607.  Objetivos:,3
n558,Articulo 606.  Archivo tecnico e historico del POT.,3
n559,Articulo 605.  Expediente Municipal.,3
n560,Articulo 604.  Alistamiento institucional.,3
n561,Articulo 603.  Sistema de Seguimiento y Evaluacion al POT.,3
n562,Articulo 602.  Programas y proyectos para el Componente.,3
n563,Articulo 601.  Estrategias del Componente.,3
n564,Articulo 600.  Propositos para la gestion participativa.,3
n565,Articulo 599.  Definicio n del Componente de Participacion .,3
n566,Articulo 598.  Gestion del Conocimiento.,3
n567,CAPITULO II  GESTION DEL CONOCIMIENTO Y PARTICIPACION,2
n568,Articulo 597.  Transitoriedad en la distribucion de recursos causados.,3
n569,Articulo 596.  Administracion de los recursos.,3
n570,Articulo 595.  Gestion de los ambitos de reparto.,3
n571,Articulo 594.  Ambitos de reparto.,3
n572,Articulo 593.  Mecanismos de operacion del Sistema Participativo e,3
n573,Articulo 592.  Lineami entos generales de la operacion del Sistema:,3
n574,Articulo 591.  Operacion del Sistema.,3
n575,Articulo 590.  Planificacion Territorial.,3
n576,Articulo 589.  Lineami entos generales del Direccionamiento Estrategico.,3
n577,Articulo 588.  Direccion Estrategica.,3
n578,Articulo 587.  Gestion de los Instrumentos.,3
n579,CAPITULO I  GESTION DE LOS INSTRUMENTOS,2
n580,Articulo 586.  Estructura del Sistema.,3
n581,TITULO III  SISTEMA  PARTICIPATIVO E INSTITUCIONAL,1
n582,Articulo 585.  Estandares de Construccion y Construccion Sostenible.,3
n583,Articulo 584.  Politica sobre Cambio Climatico.,3
n584,Articulo 583.  Lineamientos de manejo en las medidas de adaptacion y,3
n585,Articulo 582.  Lineamientos para establecer medidas de adaptacion al,3
n586,Articulo 581.  Lineamientos de manejo para la mitigacion de los efectos,3
n587,Articulo 580.  Lineamientos de manejo de la Estructura Ecologica,3
n588,Articulo 579.  Lineas de accion desde el Plan de Ordenamiento Territorial.,3
n589,Articulo 578.  Estrategias de mitigacion y adaptacion frente a los efectos,3
n590,CAPITULO III  ADAPTACION AL CAMBIO CLIMATICO,2
n591,Articulo 577.  Obligacion especia l por cargas sociales .,3
n592,Articulo 576.  Alcance de la Politica de Proteccion a Moradores.,3
n593,Articulo 575.  Implementacion de la politica de proteccion a moradores,3
n594,Articulo 574.  Beneficiarios  de la politica de proteccion a moradores .,3
n595,Articulo 573.  Proteccion a  moradores  y actividades productivas y,3
n596,CAPITULO II  VULNERABILIDAD Y RIESGO SOCIAL Y ECONOMICO,2
n597,Articulo 572.  Priorizacion para la realizacion de los estudios de riesgo de,3
n598,Articulo 571.  Priorizacion para el reasentamiento en zonas de alto riesgo,3
n599,"Articulo 570.  Estudios, programas y proyectos para la gestion del riesgo.",3
n600,Articulo 569.  La estrategia para fenomenos de incendios forestales y,3
n601,Articulo 568.  Planes de emergencia y contin gencia para empresas,3
n602,Articulo 567.  Estudio de riesgo tecnologico.,3
n603,Articulo 566.  Analisis de riesgos.,3
n604,Articulo 565.  Ubicacion de antenas de telecomunicaciones.,3
n605,Articulo 564.  Retiro de edificaciones a sistemas de transporte  por cable,3
n606,Articulo 563.  Reglamento Tecnico para Redes Internas de,3
n607,Articulo 562.  Distancias de seguridad a lineas de energia electrica.,3
n608,Articulo 561.  Fajas de seguridad en zonas de riesgo tecnologico.,3
n609,Articulo 560.  Definicion  de gestion del riego tecnologico.,3
n610,Articulo 559.  Medidas estructurales y no estructurales para la reduccion,3
n611,Articulo 558.  Medidas no estructurales para la reduccion de la,3
n612,Articulo 557.  Medidas no estructurales para la reduccion de la amenaza,3
n613,Articulo 556.  Reduccion del riesgo.,3
n614,Articulo 555.  Monitoreo de amenazas.,3
n615,Articulo 554.  Analisis de riesgo de desastres en proyectos de inversion,3
n616,"Articulo 553.  Estudios geologicos, geomorf ologicos y geotecnicos para",3
n617,"Articulo 552.  Estudios geologicos, geomorfologicos, geotecnicos y de",3
n618,Articulo 551.  Mitigacion del riesgo para la infraestructura.,3
n619,Articulo 550.  Analisis hidrogeologicos en rocas ultrabasi cas.,3
n620,Articulo 549.  Armonizacion para la microzonificacion sismica de,3
n621,Articulo 548.  Estudios de riesgo de detalle en las areas clasificadas,3
n622,Articulo 547.  Medidas no estructurales para el conocimiento del riesgo.,3
n623,Articulo 546.  Proposito general de la Gestion del Riesgo Ambiental.,3
n624,CAPITULO I  RIESGO  AMBIENTAL,2
n625,"Articulo 545.  Definicion del sistema  Ambiental, de Gestion de Riesgo y",3
n626,"TITULO II  SISTEMA AMBIENTAL, DE GESTIO N DE L RIESGO Y CAMBIO",1
n627,Articulo 544.  Reglamentacion especifica.,3
n628,Articulo 543.  Areas de Revitalizacion Economica - Business,3
n629,Articulo 542.  Formas de aprovechamiento del espacio publico.,3
n630,Articulo 541.  Criterios para el aprovechamiento d el espacio publico.,3
n631,Articulo 540.  Instrumentos para la Gestion del Espacio Publico.,3
n632,Articulo 539.  Concepto.,3
n633,Articulo 538.  Reglamentacion.,3
n634,Articulo 537.  Otras fuentes de financiacion.,3
n635,Articulo 536.  Financiamiento por incremento en la recaudacion,3
n636,Articulo 535.  Beneficios tributarios.,3
n637,Articulo 534.  Disminucion de la estratificacion.,3
n638,Articulo 533.  Definicion Compra de derechos f iduciarios.,3
n639,Articulo 532.  Reglamentacion Pagos por Servicios Ambientales.,3
n640,Articulo 531.  Alcance del instrumento.,3
n641,Articulo 530.  Planimetria base.,3
n642,Articulo 529.  Incentivos complementarios para las areas productivas.,3
n643,Articulo 528.  Areas objeto de Pago por Servicios Ambientales.,3
n644,Articulo 527.  Definicion  de pago por servicios ambientales.,3
n645,Articulo 526.  Transferencia de los inmuebles cedidos mediante pago en,3
n646,Articulo 525.  Pago en especie.,3
n647,Articulo 524.  Parti cipacion en plusvalia por cambio de uso.,3
n648,Articulo 523.  Participacion en Plusvalia.,3
n649,Articulo 522.  Contribucion de valorizacion.,3
n650,Articulo 521.  Reglamentacion del procedimiento.,3
n651,Articulo 520.  Recursos de adecuacion del suelo de cesion.,3
n652,Articulo 519.  Metodologia para el calculo y convertibilidad de la,3
n653,Articulo 518.  Areas receptoras de cesiones urbanisticas.,3
n654,Articulo 517.  Transferencia de cesiones.,3
n655,Articulo 516.  Pago anticipado de obligaciones urbanisticas.,3
n656,Articulo 515.  Dacion en pago.,3
n657,Articulo 514.  Cesiones urbanisticas.,3
n658,Articulo 513.  Reglamentacion.,3
n659,Articulo 512.  Avaluos del suelo.,3
n660,Articulo 511.  Edificabilidad maxima adicional.,3
n661,Articulo 510.  Aprovechamiento Adicional.,3
n662,Articulo 509.  Priorizacion de los recursos provenientes de la venta de,3
n663,Articulo 508.  Pago de la contraprestacion.,3
n664,Articulo 507.  Zonas receptoras de derechos adicionales de,3
n665,Articulo 506.  Derechos adicionales de construccion y desarrollo.,3
n666,Articulo 505.  Definicion de Venta de derechos de construccion y,3
n667,Articulo 504.  Pago de la compensacion.,3
n668,Articulo 503.  Zonas Generadoras y Receptoras.,3
n669,Articulo 502.  Derechos adicionales de construccion y desarrollo.,3
n670,Articulo 501.  Criterios para la aplicacion de la transferencia de derechos,3
n671,Articulo 500.  Definicion de Transferencia de derechos de construccion y,3
n672,Articulo 499.  Definicion del subsistema.,3
n673,CAPITULO IV  SUBSISTEMA DE FINANCIACION,2
n674,Articulo 498.  Enajenacion voluntaria y expropiacion.,3
n675,Articulo 497.  Procedimiento del reajuste y la integracion.,3
n676,Articulo 496.  Reajuste de tierras e integracion inmobiliaria.,3
n677,Articulo 495.  Enajenacion forzosa.,3
n678,Articulo 494.  Inmuebles de desarrollo prioritario en el presente Plan.,3
n679,Articulo 493.  Desarrollo prioritario.,3
n680,Articulo 492.  Inmuebles que podran ser objeto de derecho de,3
n681,Articulo 491.  Derecho de Preferencia.,3
n682,Articulo 490.  Bancos Inmobiliarios.,3
n683,Articulo 489.  Anuncio de Proyecto.,3
n684,Articulo 488.  Afectacion por obra publica.,3
n685,Articulo 487.  Mapa de zonas geoecon omicas homogeneas.,3
n686,Articulo 486.  Definicion del Subsistema de Intervencion del Suelo.,3
n687,CAPITULO III  SUBSISTEMA  DE INTERVENCION DEL SUELO,2
n688,Articulo 485.  Formulacion y Adopcion de los Distritos Rurales,3
n689,Articulo 484.  Ambito de Aplicacion de los Distritos Rurales Campesinos.,3
n690,Articulo 483.  Objetivos de los Distritos Rurales Campesinos.,3
n691,Articulo 482.  Alcances de los Distritos Rurales Campesinos.,3
n692,Articulo 481.  Definicion del Distrito Rural Campesino.,3
n693,Articulo 480.  Formulacion y Adopcion del Proyecto Urbano Integral del,3
n694,Articulo 479.  Definicion de Proyecto Urbano Integral del Ambito Ladera.,3
n695,Articulo 478.  Participacion en la formulacion de un Plan Especial de,3
n696,Articulo 477.  Definicion Planes Especiales de Manejo y Protec cion del,3
n697,Articulo 476.  Gestion de la Unidad de Planificacion Rural UPR -.,3
n698,Articulo 475.  Etapas de las Unidades de Planificacion  Rural.,3
n699,Articulo 474.  Clasificacion de las Unidades de Planificacion Rural.,3
n700,Articulo 473.  Alcances normativos de las unidades de planificacion,3
n701,Articulo 472.  Definicion de las Unidades de Planificacion Rural UPR -,3
n702,Articulo 471.  Etapas del Plan Maestro.,3
n703,Articulo 470.  Alcances normativos de los planes maestros.,3
n704,Articulo 469.  Definicion de Planes Maestros.,3
n705,Articulo 468.  Modificacion de Planes de Legalizacion y Regularizacion,3
n706,Articulo 467.  Etapas del Plan de Legalizacion y Regularizacion.,3
n707,Articulo 466.  Alcances normativos de los Planes de Legalizacion y,3
n708,Articulo 465.  Definicion de los Planes de Legalizacion y Regularizacion,3
n709,Articulo 464.  Modificacion a los Planes Parciales vigentes.,3
n710,Articulo 463.  Definicio n de Planes Parciales.,3
n711,Articulo 462.  Gestion de los Macroproyectos.,3
n712,Articulo 461.  Disposiciones sobre servicios publicos en,3
n713,Articulo 460.  Etapas del Macroproyecto.,3
n714,Articulo 459.  Alcances normativos especificos y de gestion para los,3
n715,Articulo 458.  Alcances normativos de los macro proyectos.,3
n716,Articulo 457.  Objetivos y estrategias tematicas de los Macroproyectos.,3
n717,Articulo 456.  Clasificacion y objetivos generales de los Macroproyectos,3
n718,Articulo 455.  Definicion de Macroproyectos.,3
n719,Articulo 454.  Definicion  del Subsistema de Planificacion,3
n720,CAPITULO II  SUBSISTEMA DE PLANIFICACION COMPLEMENTARIA,2
n721,Articulo 453.  Sistema de gestion en el ambito Suburbano.,3
n722,Articulo 452.  Sistema de gestion en el ambito Rural.,3
n723,Articulo 451.  Sistema de gestion en los ambitos de ladera.,3
n724,Articulo 450.  Sistema de ge stion en los macroproyectos del Borde,3
n725,Articulo 449.  Sistema de gest ion en los macroproyectos del Rio Medellin.,3
n726,Articulo 448.  Lineamientos generales para el reparto de Cargas y,3
n727,Articulo 447.  Manejo de cargas y beneficios en las Areas de Intervencion,3
n728,Articulo 446.  Configuracion de cargas y beneficios.,3
n729,Articulo 445.  Criterios del Sistema  Gestion para la Equidad Territorial .,3
n730,Articulo 444.  Definicion de Carga s y Beneficio s Urbanisticos .,3
n731,Articulo 443.  Definicion  del S istema de Gestion para la Equidad,3
n732,CAPITULO I  CRITERIOS GENERALES DEL SISTEMA DE GESTION,2
n733,Articulo 442.  Componentes del sistema.,3
n734,TITULO I  SISTEMA DE GESTION PARA LA EQUIDAD TERRITOR IAL,1
n735,Articulo 441.  Proce sos de parcelacion.,3
n736,Articulo 440.  Generalidades del proceso de parcelacion.,3
n737,Articulo 439.  Reconocimiento de edificaciones.,3
n738,Articulo 438.  Retiro a linderos.,3
n739,Articulo 437.  Frente minimo de lote .,3
n740,Articulo 436.  Locales independientes para actividades economicas en,3
n741,Articulo 435.  Subdivision de predios.,3
n742,Articulo 434.  Unidad Minima de Actuacion para suelo suburbano .,3
n743,Articulo 433.  Locales en centralidades veredales,3
n744,Articulo 432.  Areas minimas de lote.,3
n745,TITULO V  NORMAS GENERALES Y V OLUMETRICAS,1
n746,Articulo 431.  Vinculacion al sistema vial existente o proyectado para,3
n747,Articulo 430.  Obligaciones viales para parcelaciones o subdivision,3
n748,Articulo 429.  Obligaciones viales.,3
n749,Articulo 428.  Obligaciones urbanisticas para los poligonos con,3
n750,Articulo 427.  Cesiones urbanisticas en los poligonos con tratamiento de,3
n751,Articulo 426.  Obligaciones especiales  en suelo rural .,3
n752,TITULO IV  AREAS DE CESION PUBLICA Y OBLIGA CIONES URBANISTICAS,1
n753,Articulo 425.  Densidades rurales para Centros Poblados.,3
n754,Articulo 424.  Densidades habitacionales para suelo rural.,3
n755,Articulo 423.  Indice de ocupacion para los tratamientos de,3
n756,Articulo 422.  Areas maximas edificables.,3
n757,"Articulo 421.  Indic e de ocupacion, para los tratamientos de",3
n758,Articulo 420.  Indice de ocupacion.,3
n759,Articulo 419.  Altura maxima.,3
n760,Articulo 418.  Criterios generales  de aprovechamientos urbanisticos en,3
n761,Articulo 417.  Alcance del concepto de aprovechamientos urbanisticos,3
n762,TITULO III  APROVECHAMIENTOS URBANISTICOS RURALES,1
n763,Articulo 416.  Usos del suelo para  los Corredores Rurales.,3
n764,Articulo 415.  Corredor es Rural es.,3
n765,Articulo 414.  Uso Dotacional y de Servicios.,3
n766,Articulo 413.  Uso de Servicios e Industria.,3
n767,Articulo 412.  Uso Mixto Urbano -Rural.,3
n768,Articulo 411.  Usos en suelos suburbanos -desarrollo restringido .,3
n769,Articulo 410.  Criterios  de manejo comunes para los usos del suelo,3
n770,Articulo 409.  Criterios  de manejo de las areas Mineras en Transicion .,3
n771,Articulo 408.  Areas Mineras en Tran sicion.,3
n772,Articulo 407.  Uso agricola.,3
n773,Articulo 406.  Criterios  de manejo del uso agropecuario.,3
n774,Articulo 405.  Uso agropecuario.,3
n775,Articulo 404.  Criterios  de manejo del uso agroforestal.,3
n776,Articulo 403.  Uso agroforestal.,3
n777,Articulo 402.  Criterios  de manejo del uso forestal productor.,3
n778,Articulo 401.  Uso forestal productor.,3
n779,Articulo 400.  Criterios  de manejo del uso forestal protector.,3
n780,Articulo 399.  Uso Forestal Protector.,3
n781,"Articulo 412 , Articulo 413  y Articulo 414 .",3
n782,Articulo 398.  Usos del Suelo Rural.,3
n783,Articulo 397.  Criterios para la reglamentacion de los usos del suelo.,3
n784,Articulo 396.  Zonificacion  de los usos generales del suelo rural .,3
n785,TITULO II  USOS GENERALES DEL SUELO RURAL,1
n786,Articulo 395.  Tratamiento de Areas para la Preser vacion de,3
n787,Articulo 394.  Tratamiento de Mejoramiento Integral (MI).,3
n788,Articulo 393.  Tratamiento de Consolidacion Suburbana (CNS).,3
n789,Articulo 392.  Tratamiento de Transicion  a Proteccion (TP).,3
n790,Articulo 391.  Tratamiento de Restauracion de Actividades Rurales,3
n791,Articulo 390.  Tratamiento de Generacion de Actividades Rurales,3
n792,Articulo 389.  Tratamiento de Conservacion por alto riesgo no mitigable,3
n793,Articulo 388.  Tratamiento de Conservacion (CS) .,3
n794,Articulo 387.  Definicion  de tratamientos rurales .,3
n795,TITULO I  TRATAMIENTOS  RURALES,1
n796,Articulo 386.  Condiciones de los voladizos y radios de ochava para el,3
n797,Articulo 385.  Condiciones de iluminacion y ventilacion para el,3
n798,Articulo 384.  Relacion con el espacio publico para el reconocimiento.,3
n799,Articulo 383.  Vias y servidumbres.,3
n800,Articulo 382.  Obligaciones Urban isticas para Reconocimientos .,3
n801,Articulo 381.  Reconocimiento de edificaciones localizadas al interior de,3
n802,Articulo 380.  Reconocimiento en procesos de Legalizacion y,3
n803,Articulo 280 . Tabla Aprovechamientos y Cesiones Publicas .,3
n804,Articulo 379.  Relacion de actos de reconocimiento con otros tipos de,3
n805,Articulo 378.  Condiciones del recono cimiento de edificaciones.,3
n806,Articulo 377.  Objeto  de reconocimientos de edificaciones .,3
n807,CAPITULO V  RECONOCIMIENTOS DE EDIFICACIONES EN SUELO,2
n808,Articulo 376.  Cerramientos.,3
n809,Articulo 375.  Seguridad fisica y la funcionalidad para los desarrollos,3
n810,Articulo 374.  Iluminacion y ven tilacion.,3
n811,Articulo 373.  De la accesibilidad en edificaciones y disposiciones para,3
n812,Articulo 372.  Dispos iciones generales sobre accesibilidad.,3
n813,Articulo 371.  Unidades economicas en desarrollos de vivienda de  interes,3
n814,Articulo 370.  Area minima construida de viviend a.,3
n815,Articulo 369.  Componentes de la vivienda.,3
n816,ACCESIBILIDAD DE LAS EDIFICACIONES,4
n817,CAPITULO IV  NORMAS RELACIONADAS CON LA HABITABILIDAD Y,2
n818,Articulo 368.  Estacionamientos para desarrollos constructivos que,3
n819,Articulo 367.  Celdas de parqueo para personas con movilidad reducida.,3
n820,Articulo 366.  Exigencias de Estacionamientos para Vivienda de Interes,3
n821,Articulo 365.  Estacionamientos para otros usos diferentes al residencial.,3
n822,Articulo 364.  Estacionamientos para uso residencial.,3
n823,Articulo 363.  Disposiciones Generales sobre estacionamientos de,3
n824,CAPITULO III  ESTACIONAMIENTOS,2
n825,Articulo 362.  Lotes con frente sobre la via Las Palmas.,3
n826,Articulo 361.  Lotes con frente sobre  la Avenida El Poblado -Carrera 43A -.,3
n827,Articulo 355 . Aspectos generales y Dimensiones de los Voladizos.,3
n828,Articulo 360.  Retiros al viaducto y a las estaciones del Metro y al sistema,3
n829,Articulo 359.  Retiro a intercambios viales y a infraestructuras de,3
n830,Articulo 358.  Retiros a estructuras especiales.,3
n831,Articulo 357.  Retiro de antejardin.,3
n832,Articulo 356.  Retiros en bienes y areas de interes patrimonial y,3
n833,Articulo 355.  Aspectos generales y Dimensiones de los Voladizos.,3
n834,"Articulo 354.  Retiro frontal minimo a eje de via, o a algun componente de",3
n835,"Articulo 353.  Retiro frontal mi nimo a eje de via, o a algun componente de",3
n836,Articulo 352.  Retiro de construccion en esquina -ochava.,3
n837,Articulo 351.  Retiros entre fachadas.,3
n838,Articulo 350.  Las fachadas y sus caracteristicas.,3
n839,Articulo 349.  Retiros de construccion a linderos en lotes re sultantes de,3
n840,Articulo 348.  Retiro de construccion a linderos en el sector de La Pilarica,3
n841,Articulo 347.  Retiro de construcciones a linderos en Zona 5.,3
n842,Articulo 346.  Retiro de construcciones a linderos.,3
n843,Articulo 345.  Retiro perimetral.,3
n844,Articulo 344.  Retiros.,3
n845,Articulo 343.  Areas y frentes minimos de lote para tratamientos de,3
n846,Articulo 342.  Areas y frentes minimos de lote para tratamientos de,3
n847,Articulo 341.  Areas y frentes minimos de lote para tratamientos de,3
n848,CAPITULO II  NORMAS VOLUMETRICAS,2
n849,Articulo 340.  Desarrollo progresivo del pr oceso urbanistico.,3
n850,Articulo 339.  Desarrollo progresivo de la construccion en proyectos de,3
n851,Articulo 338.  Actuaciones urbanisticas destinadas a vivienda.,3
n852,Articulo 337.  Procesos de construccion en los Suelos Urbano y de,3
n853,Articulo 336.  Estudios geotecnicos requeridos para los procesos de,3
n854,Articulo 335.  Procesos de urbanizacion segun las zonas de tratamiento.,3
n855,Articulo 334.  Proporcionalidad en los procesos de urbanizacion.,3
n856,Articulo 333.  Generalidades de los procesos de urbanizacion y,3
n857,Articulo 332.  Procesos de urban izacion y subdivision en el suelo  Urbano,3
n858,Articulo 331.  Desarrollo de actuaciones urbanisticas.,3
n859,Articulo 330.  Criterios ambientales para las actuaciones urbanisticas.,3
n860,Articulo 329.  Criterios para las actuaciones urbanisticas.,3
n861,Articulo 328.  Concepto de actuaciones urbanisticas.,3
n862,Articulo 327.  Definicion  licenciamientos urbanisticos,3
n863,CAPITULO I  LICENCIAMIENTOS  URBANISTICOS,2
n864,TITULO IV  ACTUACIONES URBANISTICAS EN PROCESOS DE,1
n865,Articulo 326.  Disposiciones comunes para el cumplimiento de los,3
n866,Articulo 325.  Calculo de la Obligacion de Vivienda de Interes Social VIS-,3
n867,Articulo 324.  Obligacion de Vivienda de Interes Social VIS- y de,3
n868,Articulo 323.  Areas libres privadas producto del indice de ocupacion.,3
n869,Articulo 322.  Requerimientos de las areas libres privadas de acuerdo,3
n870,Articulo 321.  Areas privadas de uso comun.,3
n871,Articulo 320.  Vias en los planes parciales.,3
n872,Articulo 319.  Vias obligadas.,3
n873,Articulo 318.  Cesion para vias publicas.,3
n874,Articulo 317.  Caracteristicas de la construccion de los equipamientos,3
n875,Articulo 316.  Cumplimiento de areas de cesion publica por concepto de,3
n876,Articulo 315.  Areas de cesion publica por concepto de construccion de,3
n877,Articulo 314.  Requisitos para entregar los suelos destinados a Espacio,3
n878,Articulo 313.  Suelos que no constituyen areas de cesion publica.,3
n879,Articulo 312.  Caracteristicas de los suelos a ceder o a comprar,3
n880,Articulo 311.  Aplicacion de la obligacion de construccion de,3
n881,Articulo 284 . Calculo del Indice de Construccion.,3
n882,Articulo 310.  Calculo de la obligacion  de construccion de equipamientos,3
n883,Articulo 309.  Aplicacion de las obligaciones y cesiones publicas para,3
n884,Articulo 308.  Calculo de las areas de cesion publica correspondiente al,3
n885,Articulo 307.  Areas de cesion en planes parciales y macroproyectos.,3
n886,Articulo 306.  Areas de cesion publica.,3
n887,Articulo 305.  Tipos de cesiones publicas.,3
n888,Articulo 304.  Criterios para la asignacion de obligaciones urbanisticas.,3
n889,Articulo 303.  Clases de  obligaciones urbanisticas.,3
n890,Articulo 302.  Locales en Areas y corredores de  Alta Mixtura.,3
n891,Articulo 301.  Locales en Areas y corredores de Media Mixtura.,3
n892,Articulo 300.  Locales en areas de Baja M ixtura en poligonos de,3
n893,Articulo 299.  Locales en Areas de Baja Mixtura en poligonos de,3
n894,Articulo 298.  Actividades anexas a la vivienda.,3
n895,Articulo 297.  De los aprovechamientos y la intensidad de usos.,3
n896,Articulo 296.  Areas con restriccion de alturas.,3
n897,Articulo 295.  Altura de  las edificaciones. Los poligonos de tratamiento,3
n898,Articulo 294.  Tabla aprovechamientos adicionales y pago del derecho,3
n899,Articulo 293.  Calculo de los aprovechamientos y de las obligaciones y,3
n900,Articulo 292.  Poligonos receptores de derechos de construccion y,3
n901,Articulo 291.  Aprovechamiento transitorio de los lotes del Subsistema,3
n902,Articulo 290.  Aprovechamientos transitorios en zonas con trat amiento,3
n903,Articulo 289.  Aprovechamientos transitorios para poligonos de,3
n904,Articulo 288.  Aprovechamientos en Ar eas para la preservacion de,3
n905,Articulo 287.  Redistribucion de densidades en los macroproyectos.,3
n906,Articulo 286.  Aplicacion de los aprovechamientos,3
n907,Articulo 285.  Calculo de aprovechamientos.,3
n908,Articulo 283.  Aprovechamientos y obligaciones para Equipamientos.,3
n909,Articulo 282.  Indices de ocupacion.,3
n910,Articulo 281.  Aprovechamientos y obligaciones para el desarrollo de,3
n911,Articulo 279.  Aprovechamientos en poligonos de Conservacion.,3
n912,Articulo 278.  Aprovechamientos en poligonos de Mejoramiento Integral,3
n913,Articulo 277.  Aprovechamientos en poligonos con tra tamiento de,3
n914,Articulo 276.  Aprovechamientos en poligonos con tratamiento de,3
n915,Articulo 275.  Aprovechamientos en polig onos con tratamiento de,3
n916,Articulo 274.  De los aprovechamientos por tipo de tratamiento.,3
n917,Articulo 272.  Criterios para la asignacion de aprovechamientos.,3
n918,Articulo 271.  Definiciones especificas.,3
n919,Articulo 270.  Definicion  de Aprovechamiento.,3
n920,APROVECHAMIENTOS,4
n921,Articulo 269.  Implementacion de la Caja de herramientas para el control,3
n922,Articulo 268.  Control a los usos del suelo.,3
n923,Articulo 267.  Condiciones ambientales y urbanisticas exigibles a las,3
n924,Articulo 266.  Criterios generales para la localizacion de estaciones de,3
n925,Articulo 265.  Medidas de control para actividades economicas,3
n926,Articulo 264.  Contenidos de los protocolos ambientales y urbanisticos,3
n927,Articulo 263.  Niveles maximos permitidos para calidad del aire.,3
n928,Articulo 262.  Areas Acusticamente Saturadas.,3
n929,Articulo 261.  Estandares ambientales en cuanto a generacion de ruido,3
n930,Articulo 260.  Exigencia de los PAU por actividad.,3
n931,Articulo 259.  Criterios de lo s protocolos ambientales y urbanisticos.,3
n932,Articulo 258.  Finalidades del protocolo ambiental y urbanistico para el,3
n933,Articulo 257.  Definicion  de protocolo ambiental y urbanistico (PAU),3
n934,Articulo 256.  Actividades economicas singulares.,3
n935,Articulo 255.  Tablas del regimen de interrelaciones de usos permitidos y,3
n936,Articulo 254.  Usos y aprovechamientos transitorios de los inmuebles del,3
n937,Articulo 253.  Uso Espacio publico.,3
n938,Articulo 252.  Uso Dotacional.,3
n939,Articulo 251.  Uso Industrial.,3
n940,Articulo 250.  Uso servicios.,3
n941,Articulo 249.  Uso comercial.,3
n942,Articulo 248.  Uso residencial.,3
n943,Articulo 247.  Categorias  generales de usos.,3
n944,Articulo 246.  Proporcion de usos del suelo con base en,3
n945,Articulo 245.  Definicion y criterios para las Areas y corredores de alta,3
n946,Articulo 244.  Definicion y crit erios normativos para las Areas y,3
n947,Articulo 243.  Definicion y criterios de las Areas de baja mixtura - Areas,3
n948,Articulo 242.  Zonificacion y Categorias de uso del Suelo.,3
n949,Articulo 241.  Definicion  de usos del suelo urbano .,3
n950,Articulo 240.  Enfoque.,3
n951,TITULO II  USOS GENERALES DEL SUELO,1
n952,Articulo 239.  Areas para la  Preservacion de Infraestructuras y del,3
n953,Articulo 238.  Predios inscritos dentro de d os o mas poligonos de,3
n954,Articulo 237.  Tratamiento de Desarrollo (D).,3
n955,Articulo 236.  Tratamiento de Renovacion Urbana. (R),3
n956,Articulo 235.  Tratamiento de Mejoramiento Integral (MI).,3
n957,Articulo 234.  Tratamiento de Consolidacion (CN).,3
n958,Articulo 233.  Tratamiento de Conservacion (C).,3
n959,Articulo 232.  Categorias de tratamientos.,3
n960,Articulo 231.  Definicion  de Tratamientos Urbanos .,3
n961,TITULO I  TRATAMIENTOS  URBANOS,1
n962,Articulo 230.  Instrumentos del Subsistema.,3
n963,Articulo 229.  Disposiciones para los programas del Subsi stema,3
n964,"Articulo 228.  Linea Estrategica 5. Gestion del Conocimiento, Aprendizaje",3
n965,Articulo 227.  Linea Estrategica 4. Desarrollo Institucional.,3
n966,Articulo 226.  Lineas estrategicas del componente Desarrollo,3
n967,Articulo 225.  Linea Estrategica 3.  Gestion de Cobertura y Calidad de los,3
n968,Articulo 224.  Linea Estrategica 2. Asequibilid ad a los Bienes y Servicios,3
n969,"Articulo 223.  Linea Estrategica 1. Gestion del Suelo, Productividad y",3
n970,Articulo 222.  Lineas estrategicas del componente de Cobertura y Calidad,3
n971,Articulo 221.  Lineas estrategicas.,3
n972,Articulo 220.  Componentes del Subsistema habitacional.,3
n973,Articulo 219.  Enfoque habitacional y demografico del Plan.,3
n974,Articulo 218.  Mision.,3
n975,Articulo 217.  Vision.,3
n976,Articulo 216.  Nociones orientadoras  del Subsistema habitacional .,3
n977,Articulo 215.  Plan Est rategico Habitacional.,3
n978,Articulo 214.  Definicion  del Subsistema Habitacional .,3
n979,Articulo 213.  Criterios de manejo del  Subsistema de Centralidades.,3
n980,Articulo 212.  Clasificacion  del subsistema de centralidades .,3
n981,Articulo 211.  Definicion  del Subsistema de Centralidades .,3
n982,SUBSISTEMA  DE CENTRALIDADES,4
n983,TITULO VII  SISTEMA DE OCUPACION,1
n984,Articulo 210.  Prioridades de intervencion del Subsistema de Movilidad.,3
n985,Articulo 209.  Planificacion sectorial para la m ovilidad.,3
n986,Articulo 208.  Criterios de manejo de los elementos del Sistema de,3
n987,Articulo 207.  Criterios de manejo de los elementos del Sistema de,3
n988,Articulo 206.  Criterios  de m anejo de proyectos viales que cruzan la,3
n989,Articulo 205.  Practicas de manejo de corredores verdes segun,3
n990,Articulo 204.  Criterios generales de manejo para los corredores v erdes.,3
n991,Articulo 203.  Arborizac ion en los corredores urbanos.,3
n992,Articulo 202.  Compensaci on por la eliminacion de zonas verdes y,3
n993,Articulo 201.  Comite de Movilid ad.,3
n994,Articulo 200.  Zonas de estacionamiento regulado.,3
n995,Articulo 199.  Sistema de integracion intermodal.,3
n996,Articulo 198.  Criterios de manejo para la infraestructura asociada al,3
n997,Articulo 197.  Criterios de manejo del antejardin en la seccion vial.,3
n998,Articulo 196.  Criterios de manejo de sobreanchos en la seccion vial.,3
n999,Articulo 195.  Criterios de manejo  del separador en la seccion vial.,3
n1000,Articulo 194.  Criterios de manejo para la zona verde de la se ccion via l.,3
n1001,Articulo 193.  Criterios de manejo para vias de servicio paralelas.,3
n1002,Articulo 192.  Criterios de manejo para accesos y salidas vehiculares.,3
n1003,Articulo 191.  Criterios de manejo para retornos .,3
n1004,Articulo 190.  Criterios de manejo para el Carril de circulacion vehicular.,3
n1005,Articulo 189.  Diseno vial.,3
n1006,Articulo 188.  Lineamientos generales para la  intervencion y el,3
n1007,Articulo 187.  Criterios de Manejo de los elementos del sistema de,3
n1008,Articulo 186.  Criterios de manejo de los elementos del Sistema de,3
n1009,Articulo 185.  Criterios de manejo de los elementos del Sistema de,3
n1010,Articulo 184.  Criterios de manejo de elementos para la articulacion del,3
n1011,Articulo 183.  Criterios de Manejo para Cicloparqueaderos.,3
n1012,Articulo 182.  Criterios de manejo para Ciclorrutas (Red de vias y carriles,3
n1013,Articulo 181.  Criterios de ma nejo para Puentes o Deprimidos Peatonales.,3
n1014,"Articulo 180.  Criterios de manejo para Caminos, Servidumbres y Vias",3
n1015,Articulo 179.  Criterios de manejo para Vias de Trafico Calmado.,3
n1016,Articulo 178.  Criterios de Manejo para Vias Peatonales Dedicadas.,3
n1017,Articulo 177.  Criterios para el manejo de Andenes.,3
n1018,Articulo 176.  Criterios generales de manejo del S ubsistema de M ovilidad,3
n1019,Articulo 175.  Conectividad Regional.,3
n1020,Articulo 174.  Transporte por Cables.,3
n1021,Articulo 173.  Transporte Aereo.,3
n1022,Articulo 172.  Transporte Terrestre.,3
n1023,Articulo 171.  Sistema de Transporte.,3
n1024,Articulo 170.  Corredores verdes.,3
n1025,Articulo 169.  Infraestructuras Asociadas al vehiculo automotor.,3
n1026,Articulo 168.  Componentes de la seccion vial.,3
n1027,Articulo 167.  Movilidad motorizada.,3
n1028,Articulo 166.  Elementos para la articulacion del transporte publico,3
n1029,Articulo 165.  Movilidad no motorizada.,3
n1030,Articulo 164.  Sistemas articuladores de Movilidad.,3
n1031,Articulo 163.  Clasificacion  del Subsistema de Movilidad .,3
n1032,Articulo 162.  Definicion  del subsistema de movilidad .,3
n1033,SUBSISTEMA  DE MOVILIDAD,4
n1034,Articulo 161.  Criterios de manejo para los servicios publicos.,3
n1035,Articulo 160.  Normas tecnicas de Servicios P ublicos.,3
n1036,Articulo 159.  Infraestructuras de  apoyo para la prestacion de los,3
n1037,Articulo 158.  Clasificacion  del Subsistema de Servicios Publicos.,3
n1038,Articulo 157.  Definicion  del Subsistema de Servicios Publicos .,3
n1039,Articulo 156.  Prioridades de intervencion en el Subsistema.,3
n1040,TITULO III . APROVECHAMIENTOS Y OBL IGACIONES URBAN ISTICA S.,1
n1041,Articulo 155.  Criterios de manejo para Sectores con T ratamiento de,3
n1042,Articulo 154.  Normas arquitectonicas aplicables a los Bienes,3
n1043,Articulo 153.  Normas u rbanisticas y arquitectonicas aplicables a,3
n1044,Articulo 152.  Criterios de manejo para los Bienes de Valor Patrimonial no,3
n1045,Articulo 151.  Criterios de manejo de los  Espacios Publicos D eclarados.,3
n1046,Articulo 150.  Criterios de manejo para el Sector de Conservacion N ivel 1.,3
n1047,Articulo 149.  Normas para intervenir en las zonas de influencia de Bienes,3
n1048,Articulo 148.  Criterios para la delimitacion y reglamentacion de zonas de,3
n1049,Articulo 147.  Zonas de influencia para edificaciones de interes cultural.,3
n1050,Articulo 146.  Normas de colindancia a edificaciones culturales:,3
n1051,Articulo 145.  Normas urbanisticas generales aplicables a los BIC.,3
n1052,Articulo 144.  Normas arquitectonicas por nivel de conservacion.,3
n1053,Articulo 143.  Intervenciones permitidas en los Bienes de Interes Cultural.,3
n1054,Articulo 142.  Tipos de intervencion segun nivel de conservacion.,3
n1055,Articulo 141.  Criterios de manejo en Bienes de Interes Cultural  BIC:,3
n1056,Articulo 140.  Bienes de valor patrimonial no declarado.,3
n1057,Articulo 139.  BIC declarados en el municipio de Medellin.,3
n1058,Articulo 138.  Bien de valor patrimonial y listado indicativo de candidatos,3
n1059,Articulo 137.  Zonas de influencia.,3
n1060,Articulo 136.  Clasificacion de los Bienes de Interes Cultural d eclarados .,3
n1061,Articulo 135.  Componentes del S ubsistema  de Patrimonio Cultural,3
n1062,Articulo 134.  Alcance  del Subsistema de Patrimonio Cultural Inmueble.,3
n1063,Articulo 133.  Definicion  del Subsistema de Patrimonio Cultura l,3
n1064,SUBSISTEMA  DE PATRIMONIO CULTURAL INMUEBLE,4
n1065,Articulo 132.  Prioridades de intervencion.,3
n1066,Articulo 131.  Criterios de manejo para los Equipamientos,3
n1067,Articulo 130.  Criterios para la localizacion de Equipamientos de,3
n1068,Articulo 129.  Criterios para l a localizacion de equipamientos de,3
n1069,Articulo 128.  Criterios de ma nejo para los Equipamientos de T ransporte.,3
n1070,Articulo 127.  Criterios de manejo para los Equipamientos de,3
n1071,Articulo 126.  Criterios de manejo para equipamientos de seguridad y,3
n1072,Articulo 125.  Criterios de manejo para los Equipamientos B asicos,3
n1073,Articulo 124.  Criterios de manejo para los Equipamientos de Recreacion,3
n1074,Articulo 123.  Criterios para los Equipamientos Culturales,3
n1075,Articulo 122.  Crite rios de manejo para los Equipamientos de Salud.,3
n1076,Articulo 121.  Criterios de manejo para los Equipamientos de Educacion.,3
n1077,Articulo 120.  Criterios generales de manejo para el Subsistema de,3
n1078,Articulo 119.  Definicion  de Equipamientos Institucionale s -EIN-.,3
n1079,Articulo 118.  Equipamientos sanitarios  -SN-.,3
n1080,Articulo 117.  Equipamientos  de almacenamiento y distribucion de,3
n1081,Articulo 116.  Equipamientos  de almacenamiento y distribucion del,3
n1082,Articulo 115.  Equipamientos para el Transporte  -TT-.,3
n1083,Articulo 114.  Equipamientos para la Prestacion de los Servicios Publicos,3
n1084,Articulo 113.  Definicion  de Equipamientos de Infraestructuras -EII-.,3
n1085,Articulo 112.  Equipamientos de prevenc ion y atencion de desastres  -PA-,3
n1086,Articulo 111.  Equipamientos de Justicia cercana al Ciudadano.  -JC-.,3
n1087,Articulo 110.  Equipamientos de Administracion de Justicia  -AJ-.,3
n1088,Articulo 109.  Equipamientos para la F uerza Publica  -FP-.,3
n1089,Articulo 108.  Definicion  de Equipamientos de Seguridad y Convivencia .,3
n1090,Articulo 107.  Equipamientos de Asistencia Social  AS-.,3
n1091,Articulo 106.  Equipamientos de Culto  -CL-.,3
n1092,Articulo 105.  Equipamientos comunitarios  -CM-,3
n1093,Articulo 104.  Definicion  de Equipamientos basicos comunitarios  -EBC -.,3
n1094,Articulo 103.  Equipamientos Culturales  -CU-.,3
n1095,Articulo 102.  Equipamientos de Recreacion y Deporte  -RE-.,3
n1096,Articulo 101.  Equipamientos de Salud  -SA-.,3
n1097,Articulo 100.  Equipamientos de educacion  -ED-.,3
n1098,Articulo 99.  Definicion  de Equipamientos Basicos Sociales  -EBS-.,3
n1099,Articulo 98.  Clasificacion por tipo de servicio.,3
n1100,Articulo 97.  Cobertura de los equipamientos en funcion de su participacion,3
n1101,INSTITUCIONA,4
n1102,OS,4
n1103,INFRAESTRU,4
n1104,OS DE,4
n1105,EQUIPAMIENT,4
n1106,Articulo 96.  Clasificacion.,3
n1107,Articulo 95.  Definicion  del Subsistema de equipamientos colectivos.,3
n1108,SUBSISTEMA DE EQUIPAMIENTOS  COLECTIVOS,4
n1109,Articulo 93.  Actuaciones especificas en miradores panoramicos.,3
n1110,Articulo 92.  Actuaciones especificas en zonas verdes recreacionales.,3
n1111,Articulo 91.  Actuaciones especificas en plazas y parques civicos segun su,3
n1112,Articulo 90.  Actuaciones especificas en plazas y  parques civicos asociadas  a,3
n1113,Articulo 89.  Actuaciones especificas en plazoletas.,3
n1114,Articulo 88.  Actuaciones especificas en plazuelas.,3
n1115,Articulo 87.    Actuaciones especificas en plazas.,3
n1116,Articulo 86.  Actuaciones especificas en Parque Civico.,3
n1117,Articulo 85.  Actuaciones especificas en parque recreativo activo.,3
n1118,Articulo 84.  Actuaciones especificas en parque recreativo pasivo.,3
n1119,Articulo 83.  Actuaciones especificas en e coparque para la mitigacion del,3
n1120,Articulo 82.   Actuaciones especificas en ecoparques de cerro y otros,3
n1121,Articulo 81.  Criterios de manejo para e coparques de quebrada y otros,3
n1122,Articulo 80.    Listado de ecoparques de quebrada y otros cuerpos de agua.,3
n1123,Articulo 79.  Zonificacion para el manejo de ecoparques de quebrada y otros,3
n1124,Articulo 78.    Lineamiento s paisajisticos de los ecoparques de quebrada y,3
n1125,Articulo 77.  Actuaciones especificas en ecoparques de quebrada y otros,3
n1126,Articulo 76.    Actuaciones Especificas en Ecoparques.,3
n1127,Articulo 75.  Criterios para la Generacion de Espacios Publicos.,3
n1128,Articulo 74.  Tipos de actuacion.,3
n1129,Articulo 73.  Criterios Generales del S ubsistema .,3
n1130,Articulo 72.  Calid ad y cobertura.,3
n1131,Articulo 71.  Categorias del Sub sistema  segun Localizacion.,3
n1132,Articulo 70.  Categorias del Subsistema segun tamano y escala.,3
n1133,Articulo 69.  Segun su funcion:,3
n1134,Articulo 68.  Segun su dominio.,3
n1135,Articulo 67.  Conformacion del Subsistema .,3
n1136,Articulo 66.  Definicion.  Del Subsistema de Espacio Publico de Esparcimiento,3
n1137,Articulo 65.  Sistema Publico y Colectivo.,3
n1138,TITULO VI  SISTEMA PUBLICO  Y COLECTIVO,1
n1139,Articulo 64.  Objetivos comunes de los Macroproyectos.,3
n1140,Articulo 63.  Instrumentacion de las Areas de Intervencion Estrategica.,3
n1141,Articulo 62.  Identificacion de las Areas de Intervencion Estrategica.,3
n1142,Articulo 61.  Definicion  de  Areas de Intervencion Estrategica,3
n1143,TITULO V  AREAS DE INTERVENCION ESTRATEGICA  AIE,1
n1144,Articulo 60.  Suelos de proteccion por amenaza y riesgo.,3
n1145,Articulo 59.  Zonas de alto riesgo no mitigable.,3
n1146,Articulo 58.  Areas con condicion de riesgo.,3
n1147,Articulo 57.    Actuaciones de espacio publico en zonas de amenaza alta.,3
n1148,Articulo 56.  Zonificacion de amenaza por a venidas torrenciales.,3
n1149,Articulo 55.  Zonificacion de amenaza por inundaciones .,3
n1150,Articulo 54.  Zonificacion de amenaza por movimientos en masa.,3
n1151,Articulo 53.  Definicion.  Areas de Amenaza,3
n1152,Articulo 52.  Definiciones asociadas a la Gestion del Riesgo.,3
n1153,TITULO IV  AREAS DE AMENAZA Y RIESGO,1
n1154,Articulo 51.  Criterios de manejo para el entorno regional de la Estructura,3
n1155,Articulo 50.  Criterios de manejo para las areas de aprovisionamiento de,3
n1156,Articulo 49.  Criterios de manejo para las areas de aprovisionamiento de,3
n1157,Articulo 48.  Criterios de manejo para las zonas de recarga de acuiferos.,3
n1158,Articulo 47.  Criterios de manejo de las Areas con potencial para captura de,3
n1159,Articulo 46.  Criterios de manejo de las Areas para la prevencion de,3
n1160,Articulo 45.  Criterios de manejo de las Areas para la prevencion de,3
n1161,CAPITULO V  CRITERIOS DE MANEJO DE LA ESTRUCTURA,2
n1162,Articulo 44.  Criterios para la intervencion de la Red de conectividad,3
n1163,Articulo 43.  Criterios de Manejo del Sistema Orografico.,3
n1164,Articulo 42.  Criterios de Manejo del Sistema Hidrografico.,3
n1165,Articulo 41.  Criterios de manejo de las areas protegidas.,3
n1166,CAPITULO IV  CRITERIOS DE MANEJO DE LA ESTRUCTURA,2
n1167,Articulo 40.  Areas para la prestacion de servicios culturales.,3
n1168,Articulo 39.  Areas para aprovisionamiento de alimentos.,3
n1169,Articulo 38.  Areas para aprovisionamiento de productos foresta les.,3
n1170,Articulo 37.  Zonas de recarga de acuiferos.,3
n1171,Articulo 36.  Areas priorizadas por captura de carbono y almacenamiento en,3
n1172,"Articulo 35.  Areas para la prevencion de inundaciones, avenidas torrenciales",3
n1173,Articulo 34.  Estructura Ecologica Complemen taria (EEC).,3
n1174,CAPITULO III  ESTRUCTURA  ECOLOGICA COMPLEMENTARIA,2
n1175,Articulo 33.  Red de conectividad ecologica.,3
n1176,Articulo 32.  Sistema Orografico.,3
n1177,Articulo 31.  Cuencas aportantes externas a Medellin.,3
n1178,Articulo 30.  Cuencas de orden cero.,3
n1179,Articulo 29.  Cuencas y microcuencas abastecedoras.,3
n1180,Articulo 28.  Ojos de sal.,3
n1181,Articulo 27.  Humedales con sus retiros.,3
n1182,Articulo 26.  Rios y quebradas con sus retiros .,3
n1183,Articulo 25.  Sistema hidrografico.,3
n1184,Articulo 24.  Areas de interes estrategico.,3
n1185,Articulo 23.  Distrito d e Manejo Integrado Divisoria Valle de Aburra - Rio,3
n1186,Articulo 22.  Reserva Forestal protectora del Rio Nare.,3
n1187,Articulo 21.  Areas Protegidas.,3
n1188,MENTARI,4
n1189,COMPLE,4
n1190,Articulo 20.  Clasificacion de la Estructura Ecologica.,3
n1191,Articulo 19.  Definicion  Estructura Ecologica.,3
n1192,TITULO III  ESTRUCTURA ECOLOGICA,1
n1193,Articulo 18.  Umbral Maximo de Suburbanizacion.,3
n1194,Articulo 17.  Categoria de suelo suburbano - Desarrollo Restringido .,3
n1195,Articulo 16.  Categoria de proteccion en suelo rural:,3
n1196,Articulo 15.  Suelo Rural.,3
n1197,Articulo 13.  Suelo de Expansion Urbana.,3
n1198,Articulo 12.  Suelo Urbano.,3
n1199,Articulo 11.  Clases de Suelo.,3
n1200,TITULO II  CLASIFICACION DEL SUELO,1
n1201,Articulo 10.  Estrategias territoriales.,3
n1202,Articulo 9.  Modelo de Ocupacion.,3
n1203,Articulo 8.  Objetivos estrategicos.,3
n1204,Articulo 7.  Apuestas Territoriales.,3
n1205,Articulo 6.  Imaginario de Ciudad.,3
n1206,Articulo 5.  Principios rectores del Plan de Ordenamiento Territorial.,3
n1207,CAPITULO II  MARCO ESTRATE GICO,2
n1208,Articulo 4.  Estructura del Acuerdo,3
n1209,SUBSISTEMA HABITACIONAL,4
n1210,Articulo 3.  Estructura del Plan de Ordenamiento Territorial Municipa l.,3
n1211,Articulo 2.  Obligatoriedad del Plan de Ordenamiento Territorial.,3
n1212,Articulo 1.  Revision y ajuste del plan de ordenamiento territorial.,3
n1213,CAPITULO I  SISTEMA DE ORDENAMIENTO Y DISPOSICIONES,2
n1214,TITULO I  MARCO ESTRATE GICO DEL PLAN DE ORDENAMIENTO,1
n1215,TITULO I  MARCO ESTRATE GICO DEL PLAN DE ORDENAMIENTO,1
n1216,Articulo 142.  Tipos de intervencion segun nivel de conservacion.,3
